name_E,H3k27ac_E
chr1_1014834_1015095,24.463707
chr1_1093610_1093958,17.452682
chr1_1714020_1714715,10.120409
chr1_1840449_1840835,9.959261
chr1_2140151_2140337,5.266951000000001
chr1_2162325_2162996,10.058061
chr1_2478276_2478817,7.211671000000001
chr1_2574343_2574764,10.827478999999999
chr1_3229711_3230157,2.6316610000000003
chr1_3420761_3421065,11.848533
chr1_3421438_3421558,11.848533
chr1_3459907_3460197,20.345017000000002
chr1_3463934_3464260,6.622265
chr1_3817648_3818071,31.457666999999997
chr1_6053603_6054107,7.749623
chr1_6661008_6661639,19.97411
chr1_7327634_7328033,9.614586
chr1_7359415_7359679,11.027239
chr1_7461964_7462325,9.991817
chr1_7531062_7531540,9.549277
chr1_941791_942135,4.039199
chr1_956563_956812,11.284781
