name_E,Ctcf_E
chr1_1714020_1714715,1.5657020000000001
chr1_1840449_1840835,8.569706
chr1_2162325_2162996,3.709639
chr1_2246556_2246763,10.728183999999999
chr1_2478276_2478817,4.841658499999999
chr1_3237165_3237518,32.745504
chr1_6661008_6661639,2.7606580000000003
chr1_7289758_7290075,1.4779950000000002
chr1_7313313_7313451,1.4779950000000002
chr1_7327634_7328033,1.4779950000000002
chr1_7359415_7359679,1.4779950000000002
