name_E,Ctcf_E
chr1_1840449_1840835,13.062724000000001
chr1_2162325_2162996,3.9293210000000003
chr1_2171824_2171946,1.797538
chr1_2172142_2172385,1.797538
chr1_2246556_2246763,21.695586
chr1_2478276_2478817,13.203869000000001
chr1_2509702_2510198,20.449069
chr1_3620035_3620325,16.576964
chr1_6054896_6055025,4.990699
chr1_6088225_6088518,3.040381
chr1_858256_858648,12.982781
