name_E,Pol2_E
chr1_1014834_1015095,5.508389
chr1_1173386_1173736,2.0876349999999997
chr1_1295535_1296332,5.978118
chr1_1714020_1714715,3.181755
chr1_1772108_1772256,3.181755
chr1_1793829_1793862,7.0704385
chr1_1814762_1815124,3.181755
chr1_1840449_1840835,3.181755
chr1_2162325_2162996,2.18966
chr1_2171824_2171946,2.18966
chr1_2172142_2172385,2.18966
chr1_2177615_2177829,2.18966
chr1_2190530_2190674,2.18966
chr1_2221868_2222548,1.7470450000000002
chr1_2230678_2230895,1.7470450000000002
chr1_2231691_2232185,1.7470450000000002
chr1_2232428_2232896,1.7470450000000002
chr1_2406489_2406881,2.9180200000000003
chr1_3374928_3375314,1.631625
chr1_4729528_4729775,1.7857299999999998
chr1_6053603_6054107,1.645657
chr1_6054896_6055025,1.645657
chr1_6321567_6321961,2.350896
chr1_6336471_6336830,2.350896
chr1_6354110_6354322,3.743779
chr1_6359789_6360186,4.622466
chr1_6360191_6360625,4.622466
chr1_6362597_6362955,4.622466
chr1_6661008_6661639,23.400009
chr1_7461964_7462325,7.9596685
chr1_7531062_7531540,11.034875999999999
chr1_956563_956812,2.432777
