name_E,Ctcf_E
chr1_1840449_1840835,16.971951
chr1_1978731_1978937,14.558497000000001
chr1_2162325_2162996,5.0605
chr1_2171824_2171946,2.194973
chr1_2172142_2172385,2.194973
chr1_2246556_2246763,18.488409
chr1_2478276_2478817,11.432335000000002
chr1_2509702_2510198,5.005914000000001
chr1_2574343_2574764,7.275813
chr1_3237165_3237518,30.479798
chr1_3817648_3818071,5.2409
chr1_6053603_6054107,4.317660500000001
chr1_6054896_6055025,2.130375
chr1_6661008_6661639,5.66175
chr1_858256_858648,6.2932835
