name_E,Ctcf_E
chr1_1840449_1840835,21.864689000000002
chr1_2232428_2232896,10.442058
chr1_2246556_2246763,16.010947
chr1_2478276_2478817,4.610386
chr1_2509702_2510198,13.323795
chr1_2574343_2574764,10.021316
chr1_3581269_3581645,2.6168120000000004
chr1_3594206_3594277,1.986247
chr1_3620035_3620325,1.986247
chr1_6053603_6054107,4.106386
chr1_6088225_6088518,7.934871
chr1_6661008_6661639,10.030842
