name_P,H3k36me3_P
chr1_1253969_1255069,2.4354299999999998
chr1_1341032_1342132,2.66701
chr1_1475733_1476833,2.20918
chr1_1499804_1500904,2.44308
chr1_1602429_1603529,2.3113799999999998
chr1_1603714_1604814,2.3113799999999998
chr1_2115728_2116828,2.32501
chr1_2309699_2310799,2.86931
chr1_267153_268253,4.67855
chr1_316720_317820,6.6204600000000005
chr1_568756_569856,3.2899199999999995
chr1_856296_857396,2.95779
chr1_866345_867445,2.95512
chr1_933331_934431,3.34504
