name_P,H3k9ac_P
chr1_1051641_1052741,3.24694
chr1_1166629_1167729,5.37849
chr1_1167311_1168411,5.37849
chr1_1186614_1187714,2.97608
chr1_1209165_1210265,3.1335
chr1_1209603_1210703,3.1335
chr1_1242947_1244047,2.36337
chr1_1259136_1260236,4.48745
chr1_1259971_1261071,4.48745
chr1_1284630_1285730,3.06794
chr1_1310775_1311875,4.62312
chr1_1333902_1335002,3.9388300000000003
chr1_1334608_1335708,3.9388300000000003
chr1_1341032_1342132,4.6424199999999995
chr1_1342593_1343693,4.6424199999999995
chr1_1343476_1344576,4.6424199999999995
chr1_1406143_1407243,5.16538
chr1_1446531_1447631,6.21897
chr1_1475733_1476833,3.5144
chr1_1509355_1510455,5.06899
chr1_1510149_1511249,5.06899
chr1_1535376_1536476,3.24274
chr1_1549795_1550895,3.70114
chr1_1551075_1552175,3.70114
chr1_1566474_1567574,4.13319
chr1_1589786_1590886,6.613230000000001
chr1_1590373_1591473,6.613230000000001
chr1_1624067_1625167,4.43995
chr1_1654951_1656051,3.62204
chr1_1655666_1656766,3.62204
chr1_1677331_1678431,7.594410000000001
chr1_1821910_1823010,3.4108699999999996
chr1_1822395_1823495,3.4108699999999996
chr1_2120237_2121337,3.07439
chr1_2142962_2144062,3.29776
chr1_2143913_2145013,3.29776
chr1_2144059_2145159,3.29776
chr1_2145520_2146620,3.29776
chr1_2322267_2323367,3.58505
chr1_2323046_2324146,3.58505
chr1_2457939_2459039,4.24566
chr1_2516930_2518030,3.77219
chr1_267153_268253,5.4943599999999995
chr1_316720_317820,6.001869999999999
chr1_3540566_3541666,3.61586
chr1_3541207_3542307,3.61586
chr1_567137_568237,4.6237900000000005
chr1_568756_569856,8.966560000000001
chr1_713150_714250,5.06072
chr1_713906_715006,5.06072
chr1_761988_763088,6.14586
chr1_762802_763902,6.14586
chr1_839214_840314,3.50601
chr1_845815_846915,3.25034
chr1_859260_860360,3.41184
chr1_894589_895689,4.49912
chr1_894967_896067,3.05003
chr1_900877_901977,5.2583400000000005
chr1_933331_934431,3.03871
chr1_935452_936552,3.03871
chr1_947803_948903,5.07475
chr1_948473_949573,5.07475
chr1_954503_955603,2.92752
chr1_994114_995214,3.5960300000000003
