name_P,H3k27ac_P
chr1_1166629_1167729,20.943561
chr1_1167311_1168411,20.943561
chr1_1209165_1210265,12.284457000000002
chr1_1209603_1210703,12.284457000000002
chr1_1242947_1244047,11.557747
chr1_1244889_1245989,11.557747
chr1_1253969_1255069,10.071789
chr1_1259136_1260236,16.290447
chr1_1259971_1261071,16.290447
chr1_1284630_1285730,15.852172666666666
chr1_1310775_1311875,18.992077
chr1_1313046_1314146,18.992077
chr1_1333902_1335002,20.254645
chr1_1334608_1335708,20.254645
chr1_1341032_1342132,16.760011
chr1_1342593_1343693,16.760011
chr1_1343476_1344576,16.760011
chr1_1369241_1370341,9.9540225
chr1_1369853_1370953,9.389078999999999
chr1_137865_138965,14.4422165
chr1_1406143_1407243,21.161758
chr1_1446531_1447631,15.870199999999999
chr1_1499804_1500904,7.933213
chr1_1509355_1510455,31.257178999999997
chr1_1510149_1511249,31.257178999999997
chr1_1549795_1550895,18.083189
chr1_1551075_1552175,18.083189
chr1_1589786_1590886,35.392720000000004
chr1_1590373_1591473,21.167801333333333
chr1_1624067_1625167,6.6195585
chr1_1630369_1631469,1.537593
chr1_1654951_1656051,12.5632125
chr1_1655666_1656766,17.209321
chr1_1677331_1678431,18.177001999999998
chr1_1711796_1712896,13.864192000000001
chr1_1821910_1823010,12.094847999999999
chr1_1822395_1823495,12.094847999999999
chr1_1850612_1851712,8.643047500000002
chr1_2115728_2116828,5.427852
chr1_2120237_2121337,6.914098666666665
chr1_2142962_2144062,6.8331045
chr1_2143913_2145013,6.8331045
chr1_2144059_2145159,6.8331045
chr1_2145520_2146620,5.427852
chr1_2159134_2160234,8.717087
chr1_228675_229775,7.741817999999999
chr1_2322267_2323367,7.868272999999999
chr1_2323046_2324146,7.868272999999999
chr1_2345136_2346236,12.586577
chr1_2457939_2459039,8.891367
chr1_2476904_2478004,10.147254
chr1_2516930_2518030,9.707881
chr1_3541207_3542307,10.656006
chr1_713150_714250,20.973722666666667
chr1_713906_715006,21.487031
chr1_751751_752851,8.114921
chr1_761988_763088,18.666383
chr1_762802_763902,18.666383
chr1_839214_840314,9.706519
chr1_894589_895689,11.0298555
chr1_894967_896067,4.729408
chr1_900877_901977,6.498575
chr1_933331_934431,14.745829999999998
chr1_935452_936552,14.745829999999998
chr1_947803_948903,9.734554
chr1_948473_949573,9.734554
chr1_954503_955603,5.982815
chr1_994114_995214,7.242147999999999
chr1_998568_999668,9.653609
