name_E,Ctcf_E
chr1_1840449_1840835,19.795184
chr1_2246556_2246763,17.975032000000002
