name_E,H3k79me2_E
chr1_1295535_1296332,2.44522
chr1_1772108_1772256,1.7014599999999998
chr1_1793829_1793862,1.84958
chr1_1814762_1815124,1.80939
chr1_2162325_2162996,1.70695
chr1_2574343_2574764,3.6311199999999997
chr1_3233109_3233475,2.78288
chr1_6360191_6360625,2.64462
chr1_6661008_6661639,2.30737
chr1_6943772_6944262,2.42175
chr1_858256_858648,2.56206
chr1_956563_956812,2.5788599999999997
