name_E,H3k27me3_E
chr1_1952050_1952360,12.052112333333334
chr1_1978731_1978937,7.686528
chr1_2505035_2505361,4.1806470000000004
chr1_2989176_2989511,9.317907
chr1_3231556_3231634,9.070369
chr1_3309990_3310261,7.599481
chr1_7327634_7328033,1.788713
chr1_7538871_7539273,1.9997490000000002
chr1_858256_858648,6.4073585
chr1_918449_918555,2.3172349999999997
chr1_941791_942135,2.3172349999999997
