name_E,Smc3_E
chr1_1136667_1137146,26.00285
chr1_1840449_1840835,6.42045
chr1_2221868_2222548,1.8344099999999999
chr1_2231691_2232185,2.69659
chr1_2232428_2232896,2.69659
chr1_2246556_2246763,10.18101
chr1_2478276_2478817,6.69562
chr1_2509702_2510198,7.0625
chr1_2574343_2574764,7.06733
chr1_6088225_6088518,5.44076
