name_E,H3k36me3_E
chr1_1173386_1173736,2.4300669999999998
chr1_1793829_1793862,3.832754
chr1_1814762_1815124,3.396503
chr1_2162325_2162996,2.23002
chr1_2171824_2171946,2.23002
chr1_2172142_2172385,2.23002
chr1_2177615_2177829,2.23002
chr1_2221868_2222548,1.7657209999999999
chr1_2230678_2230895,1.7657209999999999
chr1_2231691_2232185,1.7657209999999999
chr1_2232428_2232896,1.7657209999999999
chr1_2246556_2246763,1.7657209999999999
chr1_3817648_3818071,2.796215
chr1_5957166_5957512,2.2770040000000003
chr1_6053603_6054107,2.2770040000000003
chr1_6054896_6055025,5.354514999999999
chr1_6359789_6360186,1.867723
chr1_6360191_6360625,1.867723
chr1_6362597_6362955,1.867723
chr1_6373523_6373899,1.8435419999999998
chr1_6661008_6661639,3.693885
