name_E,Smc3_E
chr1_1840449_1840835,34.062909999999995
chr1_2246556_2246763,7.24949
chr1_2478276_2478817,26.26128
chr1_2574343_2574764,13.04908
chr1_3817648_3818071,5.70897
chr1_6661008_6661639,3.4435
