name_E,Ctcf_E
chr1_1840449_1840835,23.99363
chr1_2246556_2246763,17.29319
chr1_2253622_2253773,2.91122
chr1_2478276_2478817,5.943890000000001
chr1_2509702_2510198,12.07163
chr1_2574343_2574764,3.04808
