name_E,H3k27me3_E
chr1_1005293_1005547,2.38727
chr1_2082729_2083012,2.52956
chr1_2501788_2502413,2.056
chr1_3309990_3310261,2.02402
chr1_3581269_3581645,2.2328099999999997
chr1_918449_918555,2.1734
