name_E,H3k36me3_E
chr1_1793829_1793862,2.49789
chr1_2162325_2162996,2.79854
chr1_2172142_2172385,2.36823
chr1_5957166_5957512,2.96171
chr1_6354110_6354322,2.57897
chr1_6359789_6360186,2.52419
chr1_858256_858648,2.95779
