name_E,H4k20me1_E
chr1_1014834_1015095,3.10563
chr1_1295535_1296332,2.96368
chr1_1714020_1714715,2.4468799999999997
chr1_1772108_1772256,1.88022
chr1_1814762_1815124,1.89135
chr1_2162325_2162996,1.8166799999999999
chr1_2177615_2177829,1.8295599999999999
chr1_3229711_3230157,3.8449400000000002
chr1_6661008_6661639,2.31221
chr1_7359415_7359679,4.1167
chr1_7461964_7462325,3.19425
chr1_7531062_7531540,3.04966
